,Name,marks
0,Decision,0.7252747252747253
1,Random,0.8461538461538461
2,SVM,0.8021978021978022
3,Bernoulli,0.7472527472527473
4,Gaussian,0.7142857142857143
